SN, BL_Res, BL_Count,
Image, Pass,0,
Image, Pass,0,
Image, Pass,0,
Image, Pass,0,
Image, Pass,0,
Image, Pass,0,
Image, Pass,0,
Image, Pass,0,
Image, Pass,0,
Image, Pass,0,
Image, Pass,0,
Image, Pass,0,
Image, Pass,0,
Image, Pass,0,
Image, Pass,0,
Image, Pass,0,
Image, Pass,0,
Image, Pass,0,
Image, Pass,0,
Image, Pass,0,
Image, Pass,0,
Image, Pass,0,
Image, Pass,0,
Image, Pass,0,
Image, Pass,0,
Image, Pass,0,
Image, Pass,0,
Image, Pass,0,
Image, Pass,0,
Image, Pass,0,
Image, Pass,0,
Image, Pass,0,
Image, Pass,0,
Image, Pass,0,
Image, Pass,0,
Image, Pass,0,
Image, Pass,0,
Image, Pass,0,
Image, Pass,0,
0000139018_ImageTest, Fail,3,
A00006ABF24C1A0020-X_133042699_pass_srcImg, Fail,2,
